{"is_source_file": false, "format": "", "description": "", "external_files": [], "external_methods": [], "published": [], "classes": [], "methods": [], "calls": [], "search-terms": ["README.md", "simple-to-do-list"], "state": 2, "file_id": 12, "knowledge_revision": 22, "git_revision": "5b27eed2721b04a56fd18f426b664e849f5a2cb6", "hash": "606dd5c5660e27042da2c9038132f489", "format-version": 4, "code-base-name": "todo_frontend", "filename": "README.md", "revision_history": [{"22": "5b27eed2721b04a56fd18f426b664e849f5a2cb6"}]}