{"is_source_file": false, "format": "", "description": "", "external_files": [], "external_methods": [], "published": [], "classes": [], "methods": [], "calls": [], "search-terms": [], "state": 2, "file_id": 10, "knowledge_revision": 21, "git_revision": "44a319eeb5674cbe6d0f727fdb6fb51c7208d536", "hash": "ebece526bc2eadd78ddd787a76c56607", "format-version": 4, "code-base-name": "todo_frontend", "filename": "todo_frontend/README.md", "revision_history": [{"21": "44a319eeb5674cbe6d0f727fdb6fb51c7208d536"}]}