{"is_source_file": true, "format": "JavaScript", "description": "This file sets up testing environment for a frontend project, importing custom jest matchers for DOM assertions from '@testing-library/jest-dom'.", "external_files": ["@testing-library/jest-dom"], "external_methods": [], "published": [], "classes": [], "methods": [], "calls": ["import '@testing-library/jest-dom'"], "search-terms": ["setupTests.js", "jest-dom", "testing-library", "jest matchers", "test setup", "DOM assertions"], "state": 2, "file_id": 2, "knowledge_revision": 16, "git_revision": "44a319eeb5674cbe6d0f727fdb6fb51c7208d536", "ctags": [], "hash": "1a77571e1a8cf36018a41bcedf60db75", "format-version": 4, "code-base-name": "todo_frontend", "filename": "todo_frontend/src/setupTests.js", "revision_history": [{"16": "44a319eeb5674cbe6d0f727fdb6fb51c7208d536"}]}