{"is_source_file": true, "format": "JavaScript (React)", "description": "This is a JavaScript source file for a React frontend application, responsible for rendering the main App component into the DOM.", "external_files": ["./App", "./index.css"], "external_methods": ["ReactDOM.createRoot", "React.StrictMode"], "published": [], "classes": [], "methods": ["ReactDOM.createRoot", "root.render"], "calls": ["ReactDOM.createRoot", "root.render", "document.getElementById", "React.StrictMode", "<App />"], "search-terms": ["React", "ReactDOM", "index.js", "render", "client"], "state": 2, "file_id": 1, "knowledge_revision": 15, "git_revision": "44a319eeb5674cbe6d0f727fdb6fb51c7208d536", "ctags": [{"_type": "tag", "name": "root", "path": "/home/kavia/workspace/code-generation/simple-to-do-list-201566-201576/todo_frontend/src/index.js", "pattern": "/^const root = ReactDOM.createRoot(document.getElementById('root'));$/", "language": "JavaScript", "kind": "constant"}], "hash": "9fc5841375336fc175b49f8767a11383", "format-version": 4, "code-base-name": "todo_frontend", "filename": "todo_frontend/src/index.js", "revision_history": [{"15": "44a319eeb5674cbe6d0f727fdb6fb51c7208d536"}]}