{"is_source_file": false, "format": "", "description": "", "external_files": [], "external_methods": [], "published": [], "classes": [], "methods": [], "calls": [], "search-terms": ["App.css", "CSS variables", "theme management", "dark theme", "light theme", "React styles"], "state": 2, "file_id": 6, "knowledge_revision": 17, "git_revision": "44a319eeb5674cbe6d0f727fdb6fb51c7208d536", "hash": "22f9e17cc1848b56dbb244518ac2707e", "format-version": 4, "code-base-name": "todo_frontend", "filename": "todo_frontend/src/App.css", "revision_history": [{"17": "44a319eeb5674cbe6d0f727fdb6fb51c7208d536"}]}