{"is_source_file": true, "format": "JavaScript ES module (.mjs)", "description": "ESLint configuration file establishing linting rules, parser options, and plugin configurations for a JavaScript/React project.", "external_files": ["@eslint/js", "eslint-plugin-react"], "external_methods": ["pluginJs", "pluginReact"], "published": [], "classes": [], "methods": [], "calls": ["pluginJs", "pluginReact", "pluginJs.configs.recommended"], "search-terms": ["eslint", "eslint.config.mjs", "eslint rules", "pluginReact", "parserOptions", "jsx", "react"], "state": 2, "file_id": 7, "knowledge_revision": 20, "git_revision": "44a319eeb5674cbe6d0f727fdb6fb51c7208d536", "hash": "be6538e7523bc2e9da0743133d784136", "format-version": 4, "code-base-name": "todo_frontend", "filename": "todo_frontend/eslint.config.mjs", "revision_history": [{"20": "44a319eeb5674cbe6d0f727fdb6fb51c7208d536"}]}